id,job_title,job_salary,job_requirement,job_addr,job_exp,job_edu,job_tags,company_name,company_employee_num,company_type
1,Python,15K-30K,熟悉Linux，redis等nosql数据库，精通python，C++等开发语言，清洗海量数据，开发策略回测平台，自动化测试工作等，就职需要证券从业资格证。,"深圳 南山区 深圳湾",1-3年,本科,C/C++量化Python,国信泰九,500-999人,互联网金融
2,Python,12K-16K,"任职要求：1. 熟悉在Unix/Linux平台上的Python服务端编程;2. 有较强的编码能力及良好的编程风格;3. 对数据结构和算法有比较好的理解和实践;4. 熟悉MVC架构，Tornado、Django、Flask等至","深圳 福田区 梅林",1-3年,大专,python爬虫Python,汇通易贷,100-499人,互联网
3,"Python 开发工程师",13K-18K,"工作职责1. 独当一面，负责服务端开发2. 参与整个产品的设计、需求分析岗位要求1. Python 工作经验2年+，本科+2. 有搭建后台框架的能力3. 精通Django或Flask4. 熟悉Linux开发环","深圳 龙华区 龙华",1-3年,本科,PythonLinux,食范儿技术,0-20人,O2O
4,游戏服务端Python开发工程师,12K-18K,游戏服务端Python开发工程师岗位职责：1.负责根据游戏系统架构设计拆分，把模块分解为具体任务；2.负责模块功能的实现和功能测试；3.负责编写和整理文档；4.负责功能整合和发布上线；5.负责其他岗位对接，,"深圳 宝安区 新安",3-5年,本科,HTML/CSSHTML5Javascript,普天乐,0-20人,游戏
5,Python开发工程师,8K-15K,1、两年以上Python开发经验，有互联网开发背景；2、掌握面向对象设计开发，熟悉常见设计模式；3、熟练使用常用MVC、ORM框架；4、熟悉MySQL数据库，有Redis或memcache缓存系统使用经验；5、熟悉分布式、缓,"深圳 南山区",1-3年,大专,Python,览众科技,100-499人,计算机软件
6,Python开发,15K-30K,"工作职责1. 负责运维平台/工具及Docker云平台的设计、开发、并持续迭代，并探索人工智能在运维方面的应用；2. 负责运维规范、体系建设，不断提升运营水平，包括设架构设计、容量规划、容灾演练等工作；任职要求","深圳 南山区 科技园",3-5年,本科,PythonShellGO,大疆创新,1000-9999人,智能硬件
7,Python,4K-8K,国内唯一一家上市的机器人教育公司:个人空间:1:个人能力提升快，专门有老教师负责一对一辅导。2:个人上升空间大，公司深圳扩张，人才需求量大。3:前期会学习很多教学的知识，会学习我们的课程。职位要求:国内唯一一家上市的机器人教育公,深圳,1年以内,本科,全职教学课程教学Java,乐博机器人学校,500-999人,在线教育
8,Python运营开发工程师,15K-30K,"岗位职责：    负责腾讯游戏运营平台设计与开发； 进行源代码的单元测试和质量控制； 负责关键技术研究，工具优化。岗位要求：   计算机相关专业本科及以上学历，3年以上后台开发经验； 精通Python，3年以上P","深圳 南山区 科技园",3-5年,本科,LinuxPython,腾讯,10000人以上,互联网
9,"python 工程师",10K-18K,"1.计算机相关专业本科以上学历2.熟悉 linux 操作系统3.有前端应用程序设计经验4.python 开发2年以上经验5.有pyqt 开发经验优先福利：1.五险一金，一档医疗2.不定期聚餐、活动3.双休","深圳 南山区 南油",5-10年,本科,PythonLinuxPyQt,国文科技,100-499人,互联网
10,Python开发工程师,15K-22K,工作职责：1.参与产品的需求分析，服务接口设计；2.参与产品核心模块的编码和单元测试；3.负责服务器数据API接口开发，对服务器端和数据库性能进行优化；4.负责主导历史服务优化，问题定位；5.负责公司日常临时任务；,"深圳 南山区 深圳湾",3-5年,本科,LinuxPythonShell,回收宝,100-499人,电子商务
11,Python软件开发高级工程师,15K-30K,岗位职责：负责网络安全产品的设计和开发工作。负责云端互联网产品的开发，包括项目框架搭建、前后端功能实现等。岗位要求：1、本科及以上学历；2、熟悉Python语言，掌握函数式和面向对象编程，能够编写模块化、可重用、易维,"深圳 南山区",1-3年,本科,LinuxPython,深信服科技,1000-9999人,计算机软件
12,后台研发工程师（Python爬虫）,7K-12K,【岗位职责】1、负责搜索质量评价体系的建设和迭代；2、协助算法工程师进行策略模型训练；3、其他业务相关工作；【岗位要求】1、熟练掌握Python开发语言，有实际项目开发经验优先；2、熟悉excel操作；3、具备较,"深圳 南山区 科技园",1-3年,大专,python爬虫Python,软通动力公司,10000人以上,计算机软件
13,"Python 后端工程师",8K-10K,"主要职责1. 负责公司互联网产品的 API 开发工作；2. 协助架构工程师制定 API 接口标准；3. 负责和协助上级交办的其他工作。职位要求1. 熟练掌握 Python 3 开发，具备 1 年以上开发经验；2.","深圳 南山区 科技园",1年以内,大专,Python后端开发,钛科瑞思,0-20人,计算机软件
14,"Python研发工程师 (WEB后端)",8K-16K,"职位诱惑：极客团队,发展空间大职位描述：1. 计算机相关专业，本科及以上学历。2. 具有优良的编码风格和习惯。3. 熟练掌握基本算法与数据结构。4. 熟悉至少如下语言/框架之一：Tornado/Dja","深圳 南山区 后海",经验不限,本科,Pythondjango,悦视光合,20-99人,企业服务
15,后台研发工程师（Python爬虫）,8K-11K,【岗位】后台研发工程师（Python爬虫）【岗位职责】1、负责搜索质量评价体系的建设和迭代；2、协助算法工程师进行策略模型训练；3、其他业务相关工作；【岗位要求】1、熟练掌握Python开发语言，有实际项目开发经验优,"深圳 南山区 科技园",1-3年,本科,Python数据分析,软通动力,10000人以上,计算机软件
16,python爬虫工程师,8K-16K,"岗位职责：1、负责定向数据的采集与爬取、解析处理、入库及备份等数据日常工作。2、负责分析新的数据需求, 评估数据采集难度，安排采集工作及时交付。3、负责非定向数据的清洗、整理、整合及合并等工作。岗位要求：1、熟练使用","深圳 福田区 车公庙",1-3年,不限,Python爬虫工程师网络爬虫,库瑞德,20-99人,计算机软件
17,python研发工程师,15K-30K,岗位职责1、负责服务器网络监控平台，运维自动化平台及其组件的设计和开发。2、负责python自动化运维产品与相关技术的追踪与研发。3、参与运维支持系统的需求分析、设计、编码。4、副组长开发、完善运维内部系统及辅助系统，提升运,"深圳 南山区",3-5年,本科,Pythonpython爬虫Flash,八达科技,0-20人,电子商务
18,Python,9K-18K,1.区块链技术2.数字虚拟货币在行业的应用3.区块链技术在旅游行业的应用,"深圳 龙岗区 坂田",经验不限,本科,PythonGO,天驴旅游,20-99人,互联网
19,Python开发工程师,10K-20K,工作职责1、负责对公司外部网站、平台及业务支持系统的开发及维护；2、负责相关系统用户需求分析、构架设计及开发过程；任职资格1、计算机相关专业，本科以上学历；2、精通Python网站开发面向对象编程，2年以上B/S软件开发,"深圳 南山区 西丽",1-3年,本科,Python,沃享科技,20-99人,O2O
20,python开发（高级）,15K-30K,"岗位职责：1、主导整个项目技术架构的研发2、编写基于iPython Notebook应用以及WEB网站3、负责项目技术人员的培训和指导。任职条件：1. 熟悉在Unix/Linux平台上的Python编程; 了解常用的通讯","深圳 南山区 科技园",3-5年,本科,Python,"Gateway Technology",100-499人,互联网金融
21,Python,10K-18K,岗位要求：1、熟练使用Linux/UNIX操作系统及开发环境；2、熟练使用Python或JAVA语言并至少具有3年以上实际运维开发工作经验；3、熟悉Ansible等自动化配置工具的使用和扩展开发；4、理解HTTP/HTTPS,"深圳 南山区 前海",3-5年,本科,python爬虫,易商互动科技有限公司,100-499人,互联网
22,Python,15K-25K,"职责：- 负责企业级互联网应用程序的后端设计与开发- 为业务需求实现快速原型设计并搭建相应的系统平台要求：- 硕士及以上学历，拥有一年以上后台系统开发经验- 精通 Python、Java、C/C++ 中至少一门编程语言- 熟练运","深圳 福田区 车公庙",3-5年,硕士,PythonJavaC/C++,南科大数据,20-99人,数据服务
23,Python工程师,15K-30K,"职位诱惑：硅谷技术,AI领域职位描述：1、本科或以上学历2、需具备3年以上Python开发经验，有大型分布式系统开发经验者优先；3、熟悉Python语言，熟练使用常用模块，使用过Django/Tornado等web框架；4、有过大","深圳 南山区",3-5年,本科,python爬虫自然语言处理,Bello,20-99人,数据服务
24,Python开发工程师,10K-20K,"【岗位职责】1.电商平台内容爬取。 2.自动化告警脚本编写。【岗位要求】1. 计算机相关专业本科以上学历，扎实的计算机基础。二年及以上Web开发经验2. 精通Python语言，3年以上Python开发",深圳,3-5年,本科,LinuxPythonMYSQL,布谷鸟科技,500-999人,移动互联网
25,Python工程师（数据平台）,15K-30K,"你会负责公司Saas数据分析平台相关系统的开发；新产品的需求调研以及设计报告的撰写；大数据系统调研、升级及维护。•  我们希望你是985高校本科及以上学历，有1年及以上Python使用经验；•  我们希望你具有独立项目开发经验，开发","深圳 南山区 科技园",1-3年,本科,PythonMYSQLJavascript,一面网络,20-99人,互联网
26,python开发,15K-25K,"工作职责：1、 负责产品后台服务系统设计、开发和维护工作；2、 参与项目需求分析、联调以及测试工作；3、主动发现并提出项目中出现的各种问题，积极推进项目进度。任职资格：1、精通python，三年以上python开发经验；","深圳 南山区 大冲",3-5年,本科,PythonC/C++PHP,500彩票网,100-499人,互联网
27,Python/C/C++,10K-20K,"本科以上学历1-2年开发经验熟悉或者精通C/C++或者Python,良好的数据结构和算法基础熟悉Linux环境编程","深圳 南山区",1-3年,本科,C/C++python爬虫Python,同方鼎欣,1000-9999人,互联网
28,Python,10K-15K,开发/测试基础、经验：1、精通Unix/Linux操作系统、良好的Bash与Python编码规范，掌握flask、django；2、有Docker、K8S等容器虚拟化技术经验者优先；熟悉python、Ansible和web前端开发优,"深圳 南山区 科技园",3-5年,本科,PythondjangoDocke,亿达信息,1000-9999人,计算机软件
29,python开发工程师,8K-16K,岗位职责：1、负责商城APP后端开发及功能维护，对接APP和接口服务层；2、负责运营系统后台管理功能开发及维护；3、持续改善服务，优化系统性能；岗位要求：1、统招大专及以上学历，计算机相关专业；2、2年以上Pyt,"深圳 南山区 西丽",1-3年,大专,PythonPHP,SheIn,1000-9999人,电子商务
30,python开发工程师(深圳),20K-40K,"职位描述：     【公司简介】码隆科技是一家专注于深度学习与计算机视觉技术创新，打造国际领先视觉智能技术平台的人工智能公司，团队成员来自于清华、北大、中科院、中大、牛津（VGG 团队成员）等。在国际顶级的人工智能计算机视觉竞赛 I","深圳 盐田区 沙头角",1-3年,本科,PythonLinux,码隆科技,20-99人,移动互联网
31,Python工程师,12K-16K,"岗位职责：1 参与爬虫，数据解析和分析等功能的研发；2 负责分析结果的展示；3 负责项目所需的一些工具开发任职要求：1、有使用python web框架开发的经验，例如 flask/django；2、有使用pyth","深圳 南山区 大冲",3-5年,大专,Python数据挖掘python爬虫,欢雀科技,100-499人,互联网
32,Python开发工程师,12K-20K,"岗位职责：1. 负责业务系统后端业务逻辑的开发和优化工作；2. 负责优化后端服务性能；岗位要求：1. 计算机相关专业，2年以上python开发使用经验，对web开发相关基础基础有比较清楚的理解；2. 熟练使用pyth","深圳 南山区",经验不限,大专,Python,博雅互动,500-999人,游戏
33,Python开发工程师,15K-30K,"岗位职责1. 负责运维平台/工具的设计、开发、优化并持续迭代，提升运维效率2. 参与运营系统架构设计、改进、优化，并推动实施技术方案岗位要求：1、全日制本科及以上学历，计算机相关专业，2年以上运营系统开发经验2、熟练","深圳 南山区 科技园",5-10年,本科,python自动化运维,达普信,100-499人,计算机软件
34,Python,13K-20K,"1.	能独立分析问题，善于研究业务，分析产品；2.独立完成功能模块的开发及相关设计文档撰写工作；3.思维敏捷，为人踏实，善良正直，热爱学习技术，长期关注技术的发展趋势；4.开发和维护公司内部仓储/供应链等系统。任职资格：1.全日制计算机软件","深圳 南山区",1-3年,本科,后端开发数据库Python,派喜科技,0-20人,移动互联网
35,Python/c++开发,12K-18K,"任职要求：1、本科及以上学历，计算机、电子、自动化及通信专业2、两年以上Python后台开发，具备独立开发高性能异步服务器的能力，处理过高并发的优先3、熟练使用tornado，Django等框架的优先3、熟悉 C++ ，有调","深圳 福田区 八卦岭",3-5年,本科,Python,金证股份,1000-9999人,计算机软件
36,python兼职/全职讲师,15K-30K,"1、至少3年以上Python编程经验；2、精通Python全栈开发，精通Django Web框架；3、深刻理解计算机原理，有良好的数据结构和算法基础；4、熟悉面向对象程序设计方法；5、熟练数据库表设计、SQL","深圳 南山区 大冲",3-5年,不限,LinuxPythonShell,泽林信息,100-499人,在线教育
37,Python/C++金融软件开发工程师,10K-15K,"职位描述：1.金融软件Python/C++工程师 (2名)年薪：12万～25万职位要求/Requirements:1 全日制本科或研究生2 良好的Python/C++基础，两年以上Python/C++编程经验（有混合编程","深圳 南山区 科技园",3-5年,本科,"C/C++PythonVisual Studi",米佳乐传媒,20-99人,音乐/视频/阅读
38,Python开发运维工程师,8K-15K,岗位职责：1、维护工作中涉及的包括主机、网络、磁盘存储、文件系统、用户、权限、系统以及设备管理和维护工作；2、发现系统维护工作中重复性工作、反复出现的故障和问题，进行定位和分析，并进行自动化运维监控程序的开发，3、熟练掌握各种自,"深圳 南山区 科技园",1-3年,本科,Linux,傲天科技,100-499人,计算机软件
39,python工程师,10K-20K,工作职责1.参与需求分析，产品设计，功能开发2.快速开发产品服务端原型3.设计并编写高质量网络应用程序代码岗位要求1.python开发2年工作经验，本科以上学历2.精通Django或Flask3.熟悉,"深圳 龙华区 龙华",1-3年,本科,PythonC/C++,信和巴巴,20-99人,互联网金融
40,python后台工程师,8K-12K,工作范围负责服务端架构设计、功能开发及维护。负责后台与客户端、数据端的通信实现。负责产品后台的稳定性及性能优化。职位要求熟练掌握Python全面扎实的软件知识结构（操作系统、软件工程、,"深圳 南山区",经验不限,本科,Python,新格,0-20人,数据服务
41,"Python 高级资深后台开发工程师",25K-30K,"岗位职责：负责平台后端组件开发及维护；核心投研、交易系统的开发及维护； 金融数据清洗和对接；带领金融数据和网站后端团队 任职资格：计算机或相关专业本科，编程基本功扎实有数据处理相关经验，或有复杂系统架构经验，技术过硬熟悉Li","深圳 南山区 深圳湾",5-10年,本科,后端开发LinuxPython,Ricequant,20-99人,计算机软件
42,Python,10K-20K,"游戏爱好者，具备扎实的计算机系统结构、数据结构等基础知识，熟悉TCP、HTTP等网络协议  熟悉linux环境C/C++、shell、lua、python等开发语言，至少精通其中一种，有python开发经验者优先  超过2年互联网行业工","深圳 南山区 科技园",1-3年,本科,后端开发PythonLinux,途游游戏,100-499人,游戏
43,python工程师,10K-20K,"岗位职责：1. 设计和实现公司相关产品的后台架构设计以及相关模块的开发；2. 协助算法工程师进行代码优化和工程化，包括但不限于自然语言处理，对话系统，推荐系统等； 岗位要求：1. 计算机相关专业，1年以上后台开发经验；","深圳 南山区 大冲",1-3年,本科,后端开发Python,Webot,20-99人,企业服务
44,Python工程师,15K-30K,"1.2年及以上工作经验，其中一年算法项目工作经验；2.熟悉Python脚本编程；；3.熟悉数理统计具体实施方法，能有效完成报告呈现和数据解读4.                                   4.海量数据处理和",深圳,1-3年,大专,AI数据挖据图像算法,SIE,1000-9999人,计算机软件
45,python开发,8K-12K,要求：1、本科及以上学历，一年以上Python开发经验，熟练使用Python语言；2、具有服务器端开发功底，熟悉数据结构、算法、设计模式、http协议；3、熟悉MySQL，SqlServer等数据库；4、参与,"深圳 福田区 购物公园",1-3年,大专,Python,南京融翼,500-999人,计算机软件
46,Python爬虫开发工程师,8K-15K,岗位职责：1.负责网页和APP网络爬虫的架构设计、开发任职要求：1.本科及本科以上学历，计算机相关专业；2.2年以上Python开发经验，熟悉scrapy框架、pyspider框架等，熟悉数据结构和算法；3.熟悉网络协议,"深圳 南山区",经验不限,本科,Pythonpython爬虫,金中数据,0-20人,计算机软件
47,python/机器学习开发,10K-20K,"我们深耕法律行业的互联网化，有强大的法律从业背景及海归互联网精英。你将和同我们一起构建互联网体系，颠覆法律行业！要求学习能力极强，愿意explore the unknowns，愿意接受挑战！- 了解多数机器学习算法- 热爱互联网","深圳 南山区 大冲",经验不限,本科,Python机器学习自然语言处理,牛法网,20-99人,互联网
48,python高级开发工程师,10K-15K,"职位描述：1、负责项目的需求分析、设计及开发；2、负责项目开发管理和项目架构优化；3、独立完成软件系统代码的设计与实现； 4、根据需求完成设计、代码编写、调试、测试和维护； 任职资格：1、计算机相关专业本科及以上学历","深圳 宝安区 龙华",3-5年,本科,PythonUnix/LinuxFlask/Django,南伽科技,100-499人,贸易/进出口
49,Python开发工程师,15K-20K,"岗位要求：1、精通Python，具有高并发服务器开发经验；2、具有移动app数据接口开发经验；3、熟练使用 Redis 等分布式缓存4、具备 PostgreSQL 索引优化、查询优化和存储设计经验5、了解 RPC、MQ","深圳 南山区 西丽",3-5年,本科,Python数据库后端开发,普特医学,100-499人,医疗健康
50,高级Python,25K-40K,工作职责：1、负责后台应用服务的架构设计、开发、优化工作。2、负责后台大数据分析处理的架构设计，开发。3、负责后台其他业务的开发；工作要求：1、本科及以上学历，计算机相关专业，具有一定的后台服务架构、开发以及性能调优,"深圳 南山区 科技园",5-10年,不限,LinuxPythonC/C++,永安科技,20-99人,信息安全
51,Python工程师,15K-30K,岗位职责：1.协同工作，独立开发完成高性能，可靠，可扩展的交易平台后端web页面开发;2.集成，测试，部署我们的系统;3.与前端团队协作，支持产品研发。岗位要求：1.211高校本科或以上学历，技术大牛可不受此限；,"深圳 南山区 南头",3-5年,本科,Python后端开发,牛宽科技,20-99人,计算机软件
52,运维python,6K-12K,"熟练使用python,shell熟悉使用 Docker,了解各种云计算平台,及 各种架构解决方案岗位职能配合架构 进行合理优化 运维架构","深圳 宝安区 西乡",经验不限,不限,Linux系统运维运维开发,宇皓科技,20-99人,计算机软件
53,python,9K-18K,:岗位职责：1、负责系统开发维护。职位要求： 1、计算机相关专业本科以上学历，扎实的计算机基础。2、精通Python语言，2年以上Python开发经验。3、熟悉Python至少一种Web开发框架，,"深圳 南山区 深圳湾",1-3年,大专,python爬虫Python,零壹软件,0-20人,互联网
54,Python开发工程师,15K-30K,【工作内容】1、用Python架构、设计、实现产品的后端2、数据驱动，不断通过产品和技术数据进行改进，并完成快速迭代3、实现富有挑战性的GrowthHack需求4、与QA合作进行测试、改进和问题修复工作【岗位要求】,深圳,1-3年,本科,Python数据库后端开发,方舟云数,0-20人,互联网
55,Python,6K-7K,"1. 精通python语言，了解 Django、Tornado 等框架中的一种2. 熟悉MVC三层架构，有性能优化、后台集群架构的实践经验3. 熟悉HTML、CSS、JavaScript等前端开发技术优先4. 有使用JQuery",深圳,1-3年,本科,PythonHTML/CSSJavascript,深圳市瑞驰信息,100-499人,计算机软件
56,爬虫工程师（python）,10K-15K,"职位描述工作职责：1.负责国内内容源的抓取和数据处理。2.承接开发任务，需求分析，确保按时按质按量完成任务； 任职要求：1.熟悉常用的爬虫技术，比如scrapy,webmagic;2.熟悉struts、spring、ibatis",深圳,1-3年,本科,数据抓取python爬虫爬虫工程师,斑马线上,0-20人,广告营销
57,python,10K-18K,". 精通python语言，至少精通 Django、Tornado 等框架中的一种2. 熟悉MVC三层架构，有性能优化、后台集群架构的实践经验3. 熟悉HTML、CSS、JavaScript等前端开发技术4. 有使用JQuery、","深圳 福田区 石厦",3-5年,不限,PythonHTML/CSSJavascript,鹏开信息,100-499人,计算机软件
58,Python工程师,15K-20K,"任职资格：1.拥有1到3年开发经验，有使用python web框架开发的经验，例如 flask/django；2.有互联网公司后台服务的开发经验3.有良好的算法和数据结构基础，及很强的自学能力；4.善于思考，能提出高质量的问","深圳 南山区 科技园",1-3年,大专,PythonNLP,企保招招,100-499人,互联网金融
59,Python,8K-10K,岗位职责1、后台服务器的设计与开发；2、负责相关业务逻辑以及运营管理平台的后台实现；3、后台的其他工作。任职要求1、计算机及相关专业毕业，有后台服务器开发经验；2、掌握MySQL/redis/mongodb等数据库技术,"深圳 龙华区 滢水山庄",经验不限,大专,后端开发系统架构Python,本识,0-20人,分类信息
60,Python,15K-30K,Python机器学习讲师岗位职责：1、负责Python机器学习部分的研究工作；2、负责机器学习的授课工作；3、制作课程案例，编写教学文档；任职要求：1、熟练掌握Python语言，熟练使用第三方框架；2、扎实的计算机基本功及数,深圳,1年以内,本科,数据库Pythonpython爬虫,百战程序员,20-99人,计算机软件
61,python开发高级工程师,15K-30K,"工作职责：1.负责app后台的需求开发。2.优化app后台架构。3.负责app内游戏后台的开发。4.对app内数据中心接口 进行框架设计和评估。5.参与部分python运维工作。经验和技能要求：1.计算机或数","深圳 南山区 科技园",3-5年,本科,PythonAPPTornado,巅峰电竞,20-99人,游戏
62,中级后端开发工程师(Java/Python),12K-16K,"工作职责	参与用户需求，功能细节设计。	负责公司的软件项目程序开发。任职要求	3年以上后台开发工作经验。	具备java/python后台程序开发经验，在项目中担任重要开发角色。	熟练Restful AP","深圳 南山区 后海",3-5年,本科,JavaPython接口开发,华制智能深圳总部,100-499人,企业服务
63,Python开发工程师（高级）,30K-50K,"职位描述：Web开发人员需要具备丰富的Web前端或后端知识， 时刻具备紧迫感，需要快速交付高质量的代码，不断创造新的Web产品和优化现有的产品和服务。 工作职责：（后端）使用Python编写Web后端代码","深圳 南山区 科技园",3-5年,本科,GolangPython,Shopee,1000-9999人,电子商务
64,Python,10K-20K,Python全栈工程师1.精通Python3，熟悉Linux2.精通Django以及Twisted两种框架3.熟悉物联网通信协议以及TCP通信协议4.熟悉使用JWT，MySQL，Redis，RabbitMQ，Docker，Ngi,"深圳 龙华区 观澜",3-5年,大专,Python全栈Web前端,尚亿源,20-99人,智能硬件
65,Python/shell脚本开发,9K-15K,"2年-3年工作经验1.熟练使用python语言，有2年以上开发经验2.python基础扎实，熟悉django,flask等框架3.熟悉java，有java开发经验优先4.熟悉数据库知识，熟练掌握SQL，至少熟练掌握一种数据库","深圳 龙岗区 坂田",1-3年,本科,LinuxPythonShell,中软国际,1000-9999人,计算机软件
66,Python爬虫实习生,3K-6K,工作职责：1）对公司各项目所需的网络数据源进行数据抓取；2）针对互联网上收集的商品品类等信息进行采集处理，负责信息提取、处理、优化、过滤、审核等工作；3）按要求做数据抓取前的配置等准备工作；检查网站抓取后是否有遗漏等,"深圳 南山区 科技园",应届生,本科,python爬虫数据采集数据抓取,比特穿越,0-20人,数据服务
67,算法工程师（Python语言）,15K-25K,岗位职责1、匹配业务场景，使用机器学习、文本挖掘等技术，设计数据建模（模型/算法）解决方案，对业务数据进行分析和建模，并负责各类数据挖掘模型的开发、应用、监控优化，支撑公司数据挖掘课题落地。2、开展数据挖掘分析算法/工具研究工作,"深圳 宝安区",3-5年,本科,Python数据挖掘推荐算法,赛意信息科技,1000-9999人,计算机软件
68,Python,15K-30K,"工作内容：参与糗事百科的后端研发；保障产品的快速迭代与服务质量；任职资格：三年以上高并发系统的设计与调优经验，对系统的架构与实现有清晰的认识；熟悉linux系统生产环境搭建与调优；至少熟悉 Python/Gola","深圳 南山区",3-5年,本科,Python,糗事百科,20-99人,音乐/视频/阅读
69,Python,10K-15K,"职责描述：1. 独立完成项目中 python 脚本部分的编写。2. 负责项目基于Odoo（openERP）系统的开发和维护；3. 协助跟踪项目进程，构建开发环境；4. 参与软件质量审查，代码review；5. 与硬件工程","深圳 南山区 科技园",经验不限,本科,python,绿富,0-20人,互联网
70,"Python 开发工程师",8K-12K,"Python 开发工程师工作职责：1. 负责产品功能的后台开发工作。2. 在项目经理的领导下，配合完成程序设计和开发；3. 关注技术动向，研究新技术并攻关技术难题；4. 独立设计并开发程序中相关的模块","深圳 龙岗区 布吉",1-3年,大专,PythonLinuxC/C++,贝利美维,20-99人,计算机软件
71,Python后台开发,15K-30K,"岗位职责:负责风控后台系统设计与开发工作任职要求:1.2年以上后台开发经验2.熟练掌握python，但不局限于一种语言例如Java，了解常用python web框架(tornado等)3.扎实的数据结构语算法基础","深圳 南山区 科技园",3-5年,本科,Python,AKULAKU,100-499人,互联网金融
72,python,11K-21K,1、统招大专5年本科3年以上年限；2、有Python开发经验，熟练Python语言；3、具有服务器端开发功底，熟悉数据库结构、算法、设计模式、HTTP协议；4、熟悉SQLserver、MySQL等数据；5、参与数据分析挖掘系,"深圳 福田区 购物公园",5-10年,大专,Python数据库,达博威科技,100-499人,计算机软件
73,高级python开发工程师,10K-20K,"岗位职责：1、负责开发镭速服务器端的相关功能；2、负责指导python初级工程师；3、负责镭速接入云存储。任职资格：1、计算机软件或相关专业，windows、linux下三年以上Python开发经验，熟悉 torna","深圳 南山区 前海",3-5年,大专,PythonC/C++,瑞云科技,100-499人,互联网
74,Python开发,15K-30K,"职位描述1. 熟悉在Unix/Linux平台上的Python编程; 了解常用的通讯协议处理模块，XML，JSON处理模块，熟悉格式化文件处理2. 有较强的编码能力及良好的编程风格;3. 对数据结构和算法有比较好的理解和实践;","深圳 南山区 科技园",3-5年,本科,Twisted高并发Flask,藤讯科技,100-499人,移动互联网
75,Python,10K-15K,1). 后端开发工程师，使用python语言，框架使用django框架1.有2年左右的python下实际的项目开发的经验。2.有一定的web前端技能，了解或熟悉HTML、CSS、Javascript3.对于数据库表、查询语句的性能优化,"深圳 罗湖区 笋岗",1-3年,不限,后端开发Python,好磨坊,20-99人,贸易/进出口
76,Python工程师,10K-15K,"职位描述:1. 承担BAT公司的某个数据平台API系统的开发和维护工作；2. 负责云计算与大数据平台的API的调用、开发和维护；3. 具有一定的沟通协调能力；任职要求:1. 2年以上（含2年）工作经验","深圳 南山区 蛇口",1-3年,本科,Python,易商互动,100-499人,计算机软件
77,Python运维开发,20K-40K,"岗位名称：  Python开发工程师（DevOPS方向）岗位职责1. 负责运维平台/工具的设计、开发、优化并持续迭代，提升运维效率2. 参与运营系统架构设计、改进、优化，并推动实施技术方案岗位要求：1、全日制本科及以上学历，计算","深圳 南山区",经验不限,本科,运维经验,凌扬盛达,20-99人,数据服务
78,Python,10K-20K,"985,211学校，理工科专业，数学或计算机专业优先，对算法，AI了解","深圳 福田区 华强北",应届生,本科,后端开发Python推荐算法,深圳坐标软件,500-999人,医疗健康
79,python测试开发,12K-18K,1、本科及以上学历，3年及以上经验（中级），精通Python开发，熟悉Python的Django等框架，有开源项目经验优先；2、具有扎实的服务器端开发功底，对数据结构、算法、设计模式、http协议等有深刻理解；3、熟悉数据库知识（o,"深圳 南山区 科技园",3-5年,本科,django分布式python,盒子科技,500-999人,互联网金融
80,python开发工程师,10K-15K,【任职要求】1.3年以上开发工作经验；2.熟练掌握Java、Python、SQL编程语言及相关主流开源框架，熟悉架构设计、系统分析、软件工程、项目管理等知识与方法论；3.熟悉敏捷开发流程，有模块设计/重构经验，具备项目交付经验。,"深圳 福田区 上步",3-5年,大专,Pythonpython爬虫,亿腾信息,100-499人,互联网
81,后台开发高级工程师(Python方向),18K-25K,"任职要求：1.大学本科以上学历，2年以上后台开发经验2.精通Redis, MongoDB, Mysql的设计和开发;3.具备良好的分析解决问题能力，能独立承担工作任务;4.逻辑清楚，思维清晰，有较强的自我驱动","深圳 南山区 科技园",3-5年,本科,Python数据库,趣虹科技,20-99人,移动互联网
82,Python工程师,15K-25K,岗位要求：1、具有本科以及以上学历，计算机相关专业，2年以上数据抓取经验；2、精通Java、Python语言，有丰富的编程经验；3、熟悉多线程、网络编程，精通网页抓取原理及技术，精通正则表达式，能从结构化的和非结构化的数据中获取,"深圳 福田区 上步",1-3年,大专,数据分析数据挖掘数据库,找靓机,100-499人,电子商务
83,Python运维开发,15K-30K,"岗位职责：1.负责运维平台系统开发；2.设计开发高可靠性系统架构和运维工具，提高运维工作效率 。岗位要求：1、3年以上Python开发工作经验，熟悉Linux系统及Django开发框架； 2、熟悉JavaScript、HTML前","深圳 南山区 深圳湾",1年以内,本科,Python,OPPO,10000人以上,互联网
84,高级Python工程师,15K-30K,工作职责：1、熟悉公司的技术服务架构，根据产品功能需求开发完成功能服务 2、设计和开发高扩展性、可用性的企业级服务3、编写技术文档，完成单元测试和集成测试4、随需求或技术发展，优化、升级、维护在线服务,"深圳 南山区 科技园",3-5年,本科,NLPPython,狗尾草,100-499人,互联网
85,Python,15K-18K,1.精通其中一种语言，python或java语言或易语言2.全栈工程师，能独立完成一个项目，从开发到自检3.从事过抢票软件等外挂开发项目4.擅长爬虫，反爬虫技术，懂得运用代理IP或拨号IP来避开封IP获取信息5.多线路，多进,深圳,3-5年,本科,服务器响应全栈爬虫工程师,世界之巅,0-20人,互联网
86,Python高级爬虫工程师,15K-25K,岗位职责：1、负责网络爬虫系统设计、开发。2、完成带领团队完成数据采集爬取、解析提取、清洗入库等数据生产工作。3、研究网页特点和规律，对网页信息进行分类、抽取、数据清洗、存储结构等研发和优化工作。4、负责领域知识的定向爬取、,深圳,5-10年,大专,Pythonjava爬虫抓取,飞钛科技,100-499人,互联网金融
87,Python工程师,13K-18K,"1．  精通Python标准 GUI库(TkInter)开发UI2．  精通Python中的正则表达式的开发3．  精通Python中的文件读写操作、数据库读写操作","深圳 南山区 科技园",3-5年,不限,Python,东恒尚科,100-499人,计算机软件
88,C++/python讲师,8K-15K,培训讲师岗位职责：1、主要负责讲授青少年编程课程；2、按照公司制定的教学计划，高质量完成教学任务；3、负责班级日常管理和维护工作；4、负责学生辅导和教学答疑等工作；5、参与优化和创新教学课程体系；6、配合其他部门完成,深圳,1-3年,本科,C/C++Python,小码教育,100-499人,在线教育
89,高级Python工程师,15K-30K,计算机相关专业本科及以上学历，3年以上后台开发经验；精通Python，3年以上Python后台开发经验，有良好的编码习惯；精通Python服务端编程，精通网络编程；熟悉Django/Tornado等web开发框架；,"深圳 南山区 科技园",3-5年,本科,Pythonpython爬虫Web前端,酸桃数据,20-99人,企业服务
90,Python,10K-20K,1，学历不做要求；2，两年以上python后台开发经验（硬性要求）；3，熟悉python+Django后台开发，熟悉后台开发流程！,"深圳 福田区 华强北",3-5年,不限,Python,前海泰坦科技,20-99人,移动互联网
91,Python开发工程师,6K-9K,【职位描述】1、金融（银行）业务软件系统的设计与编码，提供完整的解决方案；2、参与银行渠道类(如柜台、手持、自助设备)项目实施，包括设计/编码/测试及相关技术文档撰写；3、完善和发展公司已有的银行渠道类(如柜台、手持、自助设备)子系统,"深圳 福田区 益田村",1-3年,本科,Pythonjava爬虫Java,赞同科技,1000-9999人,计算机软件
92,python开发,6K-10K,"岗位描述：1、游戏平台开发、系统开发；2、独立发布、部署服务器环境；3、配合其他部门完成相关游戏测试及接入、上线部署；4、参与技术难题攻关、组织技术积累等工作。任职要求： 1、计算机及相关专业，本科以上学历，2年","深圳 罗湖区 东湖",1-3年,大专,HTML/CSSPython后端开发,掌世界,100-499人,游戏
93,python开发工程师,15K-25K,岗位职责：1，完成软件系统及模块的技术需求规划、方案设计、编码，编制与项目相关的技术文档，保证文档资料的完整，按期完成开发任务；进行产品的优化和演进；2，协助测试人员完成软件系统及模块的测试，保证产品质量；3，协助运维人员和用户,"深圳 南山区",3-5年,本科,数据库数据挖掘后端开发,智国互联,20-99人,互联网
94,资深后台开发工程师Python/Golang,20K-40K,"1、设计和开发支撑今日头条公司运行的核心系统，包括企业协同办公工具、智能便捷高效的服务系统、合同管理系统、审批流等等； 2、负责高质量的设计和编码；3、承担重点、难点的技术攻坚；4、主要语言为Python/Golang。职位要求：","深圳 南山区 后海",3-5年,本科,PythonGolang后端开发,今日头条,10000人以上,移动互联网
95,Python,15K-30K,工作内容涵盖网页服务编写，以及机器人协议的维护。在机器人协议的基础上编写业务逻辑，并编写对应的控制后台。算法，数学基础扎实者优先。,"深圳 南山区 科技园",1-3年,本科,后端开发Python系统架构,群秘,0-20人,社交网络
96,Python开发,10K-20K,"岗位职责：1、本科以上学历，计算机相关经验，毕业年限3年以上，Python工作经验1年以上；2. Python变成代码经验上万行，至少用过pandas和numpy库，具有中后台python项目经验，3. 精通Oracle数据","深圳 龙岗区 万科城",3-5年,大专,HadoopPython,infosys,1000-9999人,计算机软件
97,Python,10K-15K,"职位描述职位描述工作职责：Django，bootstrap 后台开发负责荔枝微课服务端的后台架构的优化、设计与开发；根据产品需求，制定解决方案；负责现有系统的性能调优等的设计与实现；带动团队中成员的成长。","深圳 南山区 深圳湾",1-3年,本科,Python,荔枝微课,20-99人,互联网
98,高级Python开发工程师,20K-30K,"一、岗位职责：1. 负责线上系统的优化及维护；2. 完成项目的需求设计及开发；3. 负责项目开发管理和项目架构优化；4. 负责培训预研新技术和业务优化方案。二、任职要求：1. 本科及以上学历，5年及以上的互联网开","深圳 南山区 科技园",5-10年,本科,Pythonweb开发,微思敦营销,100-499人,互联网
99,Python开发工程师,6K-12K,"岗位职责：负责基于odoo技术框架的企业应用开发与测试。任职要求：1. 热爱编程，有较强的自学能力和技术攻关能力；2. 具备良好的团队协作意识和沟通能力3. 熟悉Linux操作系统；4. 熟悉至少一种关系型数据库，能熟练编写S","深圳 南山区",经验不限,大专,ERPPython后端开发,知链科技,0-20人,计算机软件
100,Python,15K-25K,1.负责python教学2.教学群体主要是大学生3.有准备好的课件，可以加入自己的项目元素要求:3年以上python开发经验，热爱教育行业，沟通表达能力良好上班时间朝九晚六，双休福利待遇:五险一金，年假，旅游，晋升空间,"深圳 宝安区",3-5年,本科,Pythonpython爬虫,千锋互联科技,500-999人,在线教育
101,Python,10K-15K,"python django服务端开发希望您是:熟悉python服务端开发，熟悉django框架熟悉项目开发规范，如gitflow, restful等。熟悉mysql redis等常用服务。熟悉linux服务器配置",深圳,经验不限,本科,后端开发Python,易建科技,1000-9999人,互联网
102,python开发工程师,18K-36K,岗位要求：1.3年以上python（或者Lus、Powershell等脚本语言经验，并且愿意学习python）开发经验；2、有公有云、私有云相关工作背景者优先；3、有IT工具开发相关工作经验者优先；岗位职责：从事华为,"深圳 龙岗区",3-5年,本科,LinuxPython,华为,10000人以上,计算机软件
103,WEB开发工程师（python）,15K-30K,"岗位职责：1. 负责实现Web端的用户业务逻辑，和相应的页面内容交互；2. 设计良好的服务访问接口并实现；3. 设计、实现和调优Web应用架构；任职要求：1. 至少熟悉Node.js、Java、Python、PHP开发语言中的一","深圳 南山区 前海",3-5年,本科,PythonWeb前端前端开发,万兴科技,500-999人,计算机软件
104,高级后台开发工程师（GO/java/python)）,16K-30K,职位描述：1、负责智能产品后端API开发；2、负责智能产品后端程序的架构和优化；3、负责智能产品后端新需求的系统设计和实现4、机器学习等新技术的预研5、后端开发等相关工作职位要求：1、本科及以上学历，3年以上,"深圳 南山区 西丽",3-5年,本科,GOJavaPython,Anker,500-999人,电子商务
105,python开发工程师,10K-13K,"岗位职责：1、负责知识库各个所需数据源整合，并将模块打包成良好的应用接口；2、负责问答系统基础的对话匹配，错误排查。 岗位要求：1、至少2年以上的Python开发经验；2、可以使用Linux，掌握基本的shell命令","深圳 福田区 石厦",1-3年,本科,Web前端后端开发Python,海实信息,500-999人,互联网金融
106,Python,10K-20K,负责数据爬取。分析整理。会word文档数据导入数据库,"深圳 龙岗区 坂田",1年以内,本科,python爬虫数据采集数据抓取,深圳德鹏教育,20-99人,在线教育
107,"python 实习生",2K-4K,"python实习生职位时间：三个月工作职责：1、 负责众米网络开发；工作要求：1、 计算机相关专业本科及以上学历；2、 熟悉Python，有良好的编码习惯；3、 熟悉Python服务端编程，熟悉网络编程；4、 熟悉Dj","深圳 宝安区 西乡",应届生,本科,Python机器学习,众米,0-20人,互联网
108,python开发工程师,7K-10K,"1、计算机相关专业，大专以上学历，有python开发经验；2、深刻理解数据结构、算法、通信协议，有大并发经验，接口对接，优先考虑；3、能够熟练使用Linux系统的基本命令；4、熟悉并了解Mongodb、mysql、Redis 数","深圳 福田区 八卦岭",3-5年,大专,Python,泽亿科技,20-99人,计算机软件
109,PYTHON开发工程师,9K-16K,"岗位职责：1、负责统计系统的后台架构设计、优化。2、开发大型web应用。任职要求：1、本科及以上学历，2年以上开发经验；2、熟悉python，1年以上python开发经验；3、熟悉Django, Tornado,","深圳 南山区 科技园",1-3年,本科,Pythondjango数据分析,正易龙公司,100-499人,游戏
110,python开发工程师,10K-15K,"1. 熟悉c/c++语言,有良好的编码规范和风格；2. 熟悉Linux操作系统；3. 熟悉TCP/IP协议；4. 熟悉mysql/redis/mongodb数据库；5. 有游戏服务器开发经验的加分；6. 有python语言使用经验","深圳 南山区 科技园",1-3年,本科,Python游戏开发C/C++,深圳趣凡网络科技,100-499人,游戏
111,Python讲师,8K-13K,"一：岗位职责：1、负责Python课程体系设计和完善；2、负责Python课程的讲授；3、完成领导交办的其它工作。任职要求：1. 至少2年以上Python编程经验；2. 熟练运用Python语言及常用模块；3.","深圳 宝安区 龙华",3-5年,大专,网络爬虫数据挖掘Python,汇欣腾达,100-499人,互联网
112,Python开发工程师,15K-25K,"职位名称：高级运维开发工程师职位描述：开发自动化运维平台和相关项目任职要求：1.能独立开发web系统。  2.大专及以上学历，三年以上python开发经验，有爬虫相关实战经验精通Python语言，熟练使用Djan",深圳,3-5年,大专,Pythondjangopython爬虫,傲基电子商务,1000-9999人,电子商务
113,Python工程师,13K-26K,我们尊重技术文化，充分重视您的价值。工作职责：1.和产品确认需求，编写api，编写维护api文档2.按照功能需求做好程序规划，搭建程序框架。3.编写程序，并发布内网测试。4.编写服务器发布脚本，发布测试外网测试。,深圳,1-3年,本科,后端开发Python,爱财科技,0-20人,移动互联网
114,"Python 开发工程师",9K-18K,"岗位职责：1. 负责公司互联⽹⾦融产品的 API 开发工作；2. 协助架构⼯程师制定 API 接口标准；3. 协助分析师实现公司金融产品策略；4. 负责和协助上级交办的其他工作。岗位要求：1. 熟练掌握 Python 3 开发，","深圳 南山区 后海",1-3年,本科,djangonginxPython,云数科技,0-20人,计算机软件
115,"python 软件工程师",6K-10K,"Web开发人员需要具备丰富的Web前端或后端知识， 时刻具备紧迫感，需要快速交付高质量的代码，不断创造新的Web产品和优化现有的产品和服务。工作职责：使用Python编写Web后端代码熟悉敏捷开发，编写高质量的，","深圳 福田区 华强北",经验不限,本科,Pythonpython爬虫Javascript,超体大数据(深圳),0-20人,数据服务
116,Python,10K-20K,【岗位职责】1、负责平台基础模块的开发维护工作；2、负责平台金融产品业务逻辑的实现。【任职资格】1、计算机相关专业，有相关工作经验；2、熟练掌握python语言，了解Golang、C/C++语言更优3、掌握一种主,"深圳 南山区 华侨城",经验不限,本科,PythonJavascriptHTML/CSS,小赢理财,500-999人,互联网
117,Python后端开发工程师,9K-14K,我们是国内首家专业从事智能服饰研发销售的高科技企业，旗下WESMART智能服装品牌，开启智能服装行业先河并在成立之初一个月的时间就突破千万销售大关。我们为了人类的健康而存在，在这里你会看到各种智能黑科技技术与衣物的完美结合，能接触到智能,"深圳 南山区 西丽",3-5年,本科,后端开发PythonLinux,智裳科技,0-20人,智能硬件
118,Python讲师,15K-30K,"一：岗位职责：1、负责Python课程体系设计和完善；2、负责Python课程爬虫、数据分析、网站开发的讲授；3、完成领导交办的其它工作。任职要求：1. 至少2年以上Python编程经验；2.","深圳 宝安区 新安",经验不限,大专,pythonWeb前端培训,新研科技,100-499人,在线教育
119,Python,10K-20K,互联网新技术应用，市场空白，潜力巨大。我们不找打工者，我们提供的是一生的事业！如果你够优秀，对自己有信心，请联系我！欢迎你一起共创共享巨额财富！1、1.对公司各项目所需的网络数据源进行数据抓取2、根据公司需求，开发针对web的相关程序，,"深圳 宝安区",3-5年,本科,Pythonpython爬虫数据挖掘,玉米社,0-20人,企业服务
120,Python讲师,15K-25K,"一：岗位职责：1、负责Python课程体系设计和完善；2、负责Python课程的讲授；3、完成领导交办的其它工作。任职要求：1. 至少2年以上Python编程经验；2. 熟练运用Python语言及常用模块；3.","深圳 南山区 西丽",1-3年,大专,djangoPython讲师,千锋教育,1000-9999人,互联网
121,架构师（PHP/Python/Go）,20K-35K,"职位描述： 1、负责项目技术架构设计、优化，根据业务规划及技术规划制定应用架构方案；2、主导核心功能的架构与代码模板编写，开发与维护系统公用核心模块；3、审核和评估相关方案与设计，以确保其符合架构规划，满足业务需求；4、分析","深圳 南山区 科技园",5-10年,大专,GOGolangPython,明源云,1000-9999人,计算机软件
122,Python,7K-14K,岗位职责:1、负责构建运维可视化体系；2、负责自动化测试和性能测试；4、按要求完成其他相关工作；任职要求:1、熟悉python语言web开发，1年以上开发经验；2、熟悉Linux开发环境、掌握基本的Shell命令与脚本开发；3,深圳,1-3年,大专,数据库Python,惠群商业数据,20-99人,电子商务
123,服务器工程师(go/python),12K-22K,"主要职责：- 负责项目的设计、编码、调优、测试及Bug处理- 撰写技术、接口文档职位要求：- 熟悉python, go, c/C++、java 任意一种开发语言- 熟悉关系型数据库(PostgreSQL或MySQL)和常","深圳 南山区 南油",1-3年,本科,PythonGOC/C++,以太科技,0-20人,移动互联网
124,Python开发工程师,15K-25K,"岗位职责：1、负责线上系统的优化及维护；2、完成项目的需求设计及开发；3、负责开发过程中相关文档的编写；4、保质保量完成上级安排的工作；任职资格：1、本科及以上学历，2年以上的互联网开发经验；2、精通Python Web开发","深圳 南山区 科技园",3-5年,本科,Linux后端开发Python,微思敦,100-499人,移动互联网
125,Python数据分析工程师,10K-20K,"岗位职责：1.负责公司投资用数据流程的设计和开发工作，主要职责为数据的整理、管理、分析和挖掘自动化数据任务和工具的开发2.负责运维数据分析平台、任务调度后台，结果可视化等内部工具开发与优化。3. 断提高团队的代码质量和工作效率，","深圳 南山区 科技园",1-3年,本科,Python,丽海弘金,100-499人,计算机软件
126,Python,10K-15K,"岗位职责：1.编写后台算法岗位要求：1.2年以上Python 编程经验2.熟悉Linux系统及Shell编程3.深刻理解软件设计，深入理解Python特性，编程风格良好4.熟悉Python开发，熟悉Java开发5.熟悉数学建模","深圳 南山区 深圳湾",3-5年,大专,Python,法本电子,100-499人,其他行业
127,python开发（游戏客户端）,5K-10K,"【岗位职责】 1、使用python开发MMORPG游戏的逻辑及UI开发；2、负责PC端游戏客户端主逻辑的开发。 【岗位要求】1、半年以上使用C/C++/python开发项目的经验，有游戏开发经验者优先； 2、熟悉Mi","深圳 南山区 科技园",应届生,本科,PythonC/C++,深圳淘乐,100-499人,游戏
128,Python后端开发工程师,11K-15K,工作内容:1.负责后端数据库开发。2.负责后端接口开发。职位要求:1.精通falsk框架，2.熟悉nginx+uWSGI配置。3.熟悉PyCharm编程。4.熟悉应用mySQL，能够处理多键排查，多对多关系数据。5.熟悉j,深圳,1-3年,本科,后端开发数据库Python,三竔科技,0-20人,社交网络
129,Python,5K-10K,"1. 爬虫系统开发与维护2. 数据管理与基础数据处理",深圳,1-3年,大专,Python数据挖掘python爬虫,元丁科技,0-20人,数据服务
130,"Python 算法工程师",15K-30K,"职位诱惑：技术成长快,公司前景好,领导好职位描述：岗位职责本职位需要与科学家一起协同，主要负责算法的实现、验证工作。任职要求1. 计算机、数学相关专业本科以上学历，2年以上算法开发经验。2","深圳 福田区 石厦",1-3年,本科,Python云计算并发,XtalPi,20-99人,互联网
131,python资深开发,15K-25K,1，有3个以上的爬虫案例，能现场展示；2，能破解复杂的打码登录；3，对市面上的招聘网站的爬虫有一定研究。,"深圳 宝安区 龙华",3-5年,大专,网络爬虫python爬虫爬虫工程师,永顺智,20-99人,智能硬件
132,Python爬虫工程师,6K-12K,岗位职责:1、负责爬虫系统开发和维护；2、负责网站采集代码的实现，以及策略性优化；3、参与网页抓取及识别开发过程的持续改进。任职要求：1.2年以上Python开发经验，熟悉ython网络爬取基础库或相关工具（scray/ysi,"深圳 龙岗区 横岗",1-3年,本科,PythonNode.jspython爬虫,科飞时速,20-99人,互联网
133,Python,15K-25K,"职位要求：1. 熟悉 Python 语言，熟悉 Django/Tornado/Flask 等其中至少一种框架，并有1年该框架的开发经验。2. 熟悉 RESTful 风格，熟悉 celery 分布式队列框架；3. 熟悉 MySQL","深圳 宝安区 新安",1-3年,大专,PythondjangoMYSQL,及目科技,20-99人,计算机软件
134,Python,4K-8K,"1. 熟练使用python开发，熟悉linux环境，debian系统。2. 熟悉机器学习，有神经网络开发经验更佳。3. 数学统计背景更佳，有数学理论基础。","深圳 南山区",1年以内,本科,Python机器学习,宽潮科技,0-20人,计算机软件
135,python后端开发,10K-18K,"任职要求1. 至少掌握 Python 或 Java 或其他一种后端编程语言2. 至少掌握一种服务端开发框架，参与过一年实际的服务端开发3. 熟练使用一种关系型数据库，如 MySQL/PostgreSQL/SQLServer","深圳 南山区 后海",1-3年,本科,Linux数据库后端开发,云京科技,0-20人,移动互联网
136,Python工程师,15K-25K,"工作地点：深圳工作职责：1.	调整和优化系统、运维架构设计，达到高可用性的目标；2.	运维工具开发，实现自动化运维；3.	负责保障系统安全运行，及时发现和解决系统运行中的安全问题；4.	维护多媒体事业部CDN相关产品，负责日常发布","深圳 南山区 科技园",经验不限,本科,Linux运维开发python,ucloud,500-999人,互联网
137,资深Python开发工程师,15K-30K,【职位职责】1、负责人脸识别，多目标跟踪等人工智能系统相关模块的后台开发2、参与后台服务架构和数据库结构设计和优化3、参与各类系统间数据交互接口设计和开发【职位要求】1、python服务端开发经验，熟悉linux环境下的,"深圳 龙华区 滢水山庄",3-5年,本科,Python人脸识别,零壹互联,100-499人,移动互联网
138,Python开发工程师,15K-25K,"岗位职责：负责App产品的后台架构、接口设计和实现开发任职要求：1、精通Python编程，熟悉Linux基本操作及脚本编程2、熟悉Django/Flask 等框架优先， 熟悉MySQL3、有大用户量并发访问的后台处理","深圳 宝安区 西乡",3-5年,本科,LinuxPython后端开发,小步网络,20-99人,移动互联网
139,Python软件工程师,4K-8K,海外市场安防软件的开发与维护，可提供海外工作的机会。,"深圳 龙岗区",1-3年,本科,Web前端PythonJavascript,中控科技,1000-9999人,计算机软件
140,web/python全栈工程师,15K-30K,工作职责：1.加入一个专注、严苛、快速发展的团队，开发内部使用的数据分析平台及工具；2.理解产品设计、推广、开发过程中产生的各种数据模型，设计并实现相应的存储、分析及报表模块；3.在系统设计中遵循KISS原则，交付易于维护的代码,"深圳 南山区 科技园",3-5年,本科,PythonWeb前端全栈,乐易,100-499人,游戏
141,Python后台研发工程师,15K-25K,"职责：1、参与分布式后台服务研发2、参与相关产品研发3、配合其他部门开展相关技术支持工作要求：1）、3年以上研发经验，熟悉Python，熟悉java，C++基础更好 2）、有分布式 或 系统等底层服务研发经验3）、性格开","深圳 南山区 科技园",3-5年,本科,LinuxPython后端开发,木浪云,20-99人,信息安全
142,Python工程师,7K-14K,负责公司核心数据系统研发，目前后台有go语言python语言，加入年轻有朝气的技术团队。有腾讯技术导师指导，淋漓尽致的投入各项研发项目开发。,深圳,1-3年,本科,Python,非零无限,20-99人,移动互联网
143,Python,10K-17K,"工作描述：负责华大iLearningX平台服务端开发及测试运维岗位职责：1.  本科以上学历，计算机或相关专业者优先2. 掌握基本数据结构及算法，熟悉计算机网络基础知识,熟悉分布式系统机构，有大型互联网系统设计或开发经验3.  2","深圳 龙岗区 坂田",1-3年,本科,数据库LinuxPython,锐卡安讯,10000人以上,移动互联网
144,python高级开发工程师,20K-40K,工作职责：1.加入一个专注、严苛、快速发展的团队，通过数据驱动的方式来制定并执行市场推广策略；2.针对Google，Facebook等公司的API接口开发客户端程序；3.理解推广活动的各种配置选项及产生的数据，编写自动化的工具来,"深圳 南山区",3-5年,本科,Python,多有米,100-499人,互联网
145,python讲师,15K-30K,"一：岗位职责：1、负责Python课程体系设计和完善；2、负责Python课程的讲授；3、完成领导交办的其它工作。任职要求：1. 至少2年以上Python编程经验；2. 熟练运用Python语","深圳 南山区 西丽",3-5年,本科,Pythonpython爬虫机器学习,千锋互联,500-999人,在线教育
146,"Python 后端开发工程师",10K-15K,"职位描述:​负责后端的开发及运维工作 任职需求:1) 1~3年服务器后端开发经验，2年以上python使用经验;2) 熟悉Tornado框架;3) 1年以上服务器运维经验; 有海外服务器运维经验者优先","深圳 南山区 蛇口",1-3年,本科,Python,游滨果,0-20人,互联网
147,Python工程师,10K-15K,岗位职责：1、参与分布式爬虫和数据采集系统的架构设计和研发；2、参与分布式爬虫模块服务架构和数据存储架构的设计和研发；3、负责日常网络数据抓取需求的实现及采集数据的质量监控；4、负责公司核心业务及产品的安全测试、安全审核、安,"深圳 南山区 蛇口",1-3年,大专,FlaskCeleryscrapy,达飞金控,1000-9999人,互联网金融
148,Python,15K-30K,"爬虫工程师岗位职责：1. 负责设计和开发分布式的网络爬虫应用，进行互联网相关信息的抓取和分析。2. 负责网页信息抽取技术的研究和开发。3. 负责爬取数据的加工预处理，以及数据传输落地相关工作。4. 负责移动端应用相关数据的爬取。","深圳 南山区 大冲",3-5年,本科,python爬虫数据库Python,See,100-499人,互联网
149,Python工程师,9K-16K,"职位描述：你的工作内容：1.负责公司后台项目的设计和开发工作2.负责运维自动化平台、任务调度后台等内部工具开发3.不断提高团队的代码质量和工作效率，营造技术氛围 我们希望你是这样的：1","深圳 南山区 科技园",3-5年,本科,Python,宸睿科技,0-20人,在线教育
150,Python开发工程师,4K-8K,"岗位职责:1、Web接口开发, Python；2、网站的开发与维护；3、日常数据统计需求支持任职要求:1、具有强烈的进取心，对互联网拥有浓厚的兴趣，能够积极主动跟进业界的步伐；2、熟悉基于Linux开发，至少熟练","深圳 南山区 科技园",经验不限,本科,PHPPythonLinux,百答科技,20-99人,互联网
151,Python/Php开发工程师,4K-8K,岗位职责：1、根据项目具体要求，承担开发任务，按计划完成任务目标；2、根据开发规范与流程独立完成模块的设计、编码、测试及相关文档；3、对完成的代码进行检查和优化，提高产品易用性和性能；4、具有良好的沟通能力和团队合作精神、优,"深圳 南山区 前海",1-3年,大专,PHPPython,致学信息,20-99人,移动互联网
152,Python后台开发工程师,8K-15K,"工作职责：1.  根据设计完成代码编写、调试、测试和维护；2.  使用Python语言对后台业务逻辑进行开发以及维护；3.  能根据实际需求，使用前沿第三方框架实现各种功能。 职位要求：1.  精通Python语言；2.  熟","深圳 南山区 科技园",1-3年,本科,Python数据采集python爬虫,翼果科技,20-99人,数据服务
153,Python,10K-20K,"1. 负责公司重要新产品的数据采集 2. 负责公司重要新产品的接口开发 3. 熟悉爬虫，python，有过独立项目开发 4.与团队技术交流，共同进步。 任职要求 1、大学专科以上学历，计算机等相关专业； 2、两年以上pytho","深圳 南山区",经验不限,大专,数据抓取数据挖掘,才是科技,0-20人,互联网
154,Python,15K-30K,岗位：高级后端开发工程师（数据库及Python）职位要求该职位协助定制基于Python的Web应用程序的规划、设计、开发、发布、部署及维护，主要涉及到税务相关的数据分析及后端程序开发。性质和范围在技术方面，该职位会向后端,"深圳 福田区 车公庙",3-5年,本科,数据库Python数据挖掘,云图智联,0-20人,计算机软件
155,高级Python开发工程师（深圳）,10K-15K,工作职责：1、负责开发公司的各个产品的核心通用运维组件，包括健康监控、运维数据采集、性能报警、产品上线系统和其余自动化运维组件；2、与产品研发人员充分沟通，开发运维平台，保证产品的运维质量，保证产品正常运行；3、自动化运维平台研,"深圳 福田区",1-3年,本科,Python,国双科技,1000-9999人,互联网
156,python开发工程师,15K-30K,1、本科或以上学历2、需具备3年以上Python开发经验，有大型分布式系统开发经验者优先；3、熟悉Python语言，熟练使用常用模块，使用过Django/Tornado等web框架；4、有过大数据相关经验，ELT处理经验优先,"深圳 南山区 科技园",3-5年,本科,Python,潜一,0-20人,互联网
157,软件开发工程师（C#/python）,9K-10K,"1.   参与系统的详细设计工作，按照要求完成程序设计、数据库设计、用户手册等相关技术文档；2.   负责系统的编码实现，根据设计文档完成相应模块软件的编程任务；3.   负责平台的开发及新功能升级，并进行测试、修改、优化工作；","深圳 宝安区",1-3年,本科,PythonC#,深圳倍通,100-499人,物流/仓储
158,Python,15K-30K,华为2012实验室招聘技术人员和技术专家，技术面向云、AI、大数据等前沿领域，无论你是初级开发，高级开发还是架构师这里均有你的位置。待遇灵活可谈。有意愿的请联系我（邮箱：*****），需要12月底前能入职！1、本,深圳,5-10年,本科,JavaAndroidPython,华为技术有限公司,10000人以上,计算机软件
159,高端Python开发工程师,15K-20K,"职位描述：1   熟练使用Python2   至少使用tornado/diango 一种web框架3   熟悉mysql和mongodb.redis使用和设计4   熟练掌握各类常用数据结构和相关算法，熟悉常用的软件设计模式5","深圳 南山区 前海",1-3年,本科,PythonWeb前端数据库,智子生活,0-20人,移动互联网
160,"Python 后台工程师",15K-30K,【岗位职责】1、负责Web后台、手机APP后台系统的开发、优化与维护；2、熟悉敏捷开发，编写高质量的，整洁简单，可维护性的代码；构建可重复使用的代码以及公共库；3、根据工作需要，设计并完成各种辅助工具的开发。【任职要,"深圳 南山区 南头",3-5年,本科,MYSQLPython服务器端,viabtc,20-99人,互联网
161,python高级开发工程师,20K-35K,"猎头职位 岗位职责：1、针对Google，Facebook等公司的API接口开发客户端程序；2、理解推广活动的各种配置选项及产生的数据，编写自动化的工具来操作、获取并处理这些数据；3、建立数据模型来解释各渠道的投放效果，","深圳 南山区 科技园",5-10年,本科,系统架构,拓展,20-99人,咨询
162,python后端,13K-15K,职位描述：1、负责算法平台的后端开发和维护；2、负责产品后端架构的改进和优化，确保后端服务稳定、可靠、高效；3、参与后端前沿技术的探索。任职资格：1、两年以上python开发经验，计算机基础知识扎实；2、熟悉数据,"深圳 盐田区 沙头角",3-5年,本科,Python系统架构,清影医疗,20-99人,数据服务
163,Python后台开发,10K-20K,我们为您提供：1、每年春节16天带薪假期，回家无忧，带薪年假以工龄计算；2、餐费补贴660元/月，五天工作制(弹性上下班错开高峰期)，入职即购买五险一金；3、每年为员工父母提供爱孝金共5000元；节日礼品少不了，4、员工每月团建(聚,"深圳 南山区 科技园",3-5年,本科,后端开发JavascriptPython,新华云帆,100-499人,移动互联网
164,Python开发工程师,10K-16K,岗位职责1、独立完成部分产品特性的预研和设计；2、负责实现产品特性的开发；3、执行拆分的产品开发任务，发现并解决问题；4、深入学习存储和系统运维知识，强化自身业务水平。任职要求1、计算机相关专业，1年以上开发工作,"深圳 南山区 西丽",1-3年,本科,Pythonpython爬虫Java,杉岩数据,20-99人,计算机软件
165,Python,15K-25K,"我们做什么：工业品B2B电商平台 + 垂直搜索引擎 + 工业品百科全书什么是工业品：制造商生产中所用到的一切配件和设备，小到你手机中的每个配件，大到测量仪器，工业机器人。潜在市场规模：1. 20万亿的工业品市场2. 相关蓝海","深圳 福田区 竹子林",3-5年,本科,FlaskPython,零搜,20-99人,互联网
166,Python运维工程师,12K-18K,"岗位职责：1、负责服务器的维护；2、负责应用部署工作；3、负责后续自动化运维脚本的编写，监控系统的实现；4、负责服务器故障监控及警报处理工作；5、配合研发进行系统性能调优。任职要求：1、 熟悉 Linux 操作系","深圳 南山区 科技园",1-3年,大专,LinuxPythonShell,优融网络科技,20-99人,互联网
167,资深Python工程师（数据分析方向）（深圳）,15K-30K,"职位描述：1.负责业务系统和数据库系统的设计和开发。2.对现有系统进行优化和升级3.及时解决线上问题并不断维护和优化程序。   职位要求：1.3年以上python开发经验，熟悉python高并","深圳 南山区 科技园",经验不限,本科,Pythonpython爬虫,平安科技,1000-9999人,计算机软件
168,Python开发工程师,15K-25K,"职责描述：1. 负责Python软件、服务器程序、网站后台的设计和优化2. 负责实现软件、应用程序代码，建立和完善开发文档3. 产品发布上线时，协助完成项目调试、部署等工作4. 持续改进产品，为公司其他部门提供技术方案评估","深圳 南山区 科技园",3-5年,本科,Python项目实施,千丁互联,500-999人,O2O
169,Python工程师（人工智能方向）,8K-16K,"研发机器学习算法以及相关系统用于解决实际问题特别说明：我们是一家AI公司，接受目前不懂AI，但对AI有极大的兴趣且知晓AI的基本原理，愿意尝试AI行业的Python工程师职位要求：1. （硬性要求）本科以上学历，CS","深圳 南山区 科技园",经验不限,本科,Python图像算法深度学习,ai4health,0-20人,医疗健康
170,Python开发工程师,10K-18K,"岗位要求：1. 本科以上学历，3年以上开发经验2. 熟悉Linux系统管理维护，熟悉HTTP协议、TCP/IP网络协议；3. 熟练使用shell脚本语言，以及Python开发语言4. 具备良好的合作精神和快速学习能力；5","深圳 南山区 大冲",3-5年,大专,LinuxPythonShell,北京中讯汉扬,100-499人,计算机软件
171,C++/Python/QT软件工程师,12K-24K,"岗位职责：1. 根据产品需求，使用QT库，构建界面框架，完成模块功能设计。2. 根据美工设计，完成产品界面的布局调整和优化。3. 实现软件功能模块的编码和单元测试。4. 参与完成产品的研发、测试、维护全过程。5. 完","深圳 南山区 深圳湾",1-3年,本科,C/C++,深圳思力科,20-99人,互联网
172,python开发工程师,8K-16K,任职资格：1、具备2年以上Python开发经验，计算机相关专业最佳2、熟悉Django、Flask、Tornado等框架3、熟悉PostgreSQL数据库应用开发，了解PostgreSQL的数据库配置管理、性能优化，熟悉Mong,"深圳 福田区 购物公园",3-5年,大专,PythonLinux数据库,瑞时会,20-99人,互联网
173,Python开发工程师,18K-25K,职位描述我们是已有成熟产品&成熟业务模式的互联网金融&新三板挂牌（股票代码：834540）企业，公司面向客户的UI及后台逻辑全部基于Python开发，我们需要更强大的Pythoner来进一步壮大我们的Python开发团队。来这里,"深圳 罗湖区 笋岗",3-5年,大专,数据挖掘后端开发python爬虫,众禄金融,100-499人,互联网金融
174,高级Python开发工程师,15K-30K,"岗位职责：1.公司产品后台技术架构设计、开发与维护；2. 优化现有后台技术架构,提高产品质量。岗位要求：1.深入理解/掌握1-2种主流的python类web框架/应用（django、flask、tornado、etc.) 2.熟练掌","深圳 宝安区",经验不限,本科,后端开发数据库Web前端,知安,20-99人,信息安全
175,python游戏后端开发工程师,10K-20K,"工作职责:负责后台服务系统设计、开发和维护工作； 参与项目需求分析、联调以及测试工作； 主动发现并提出项目中出现的各种问题，积极推进项目进度。 任职资格： 1、熟悉Unix/Linux后台服务开发，对多进程、多线程编程熟",深圳,1-3年,本科,后端开发游戏开发,蓝讯,20-99人,游戏
176,python/odoo工程师,6K-10K,"任职资格：1. 熟练掌握Python的使用，一年以上Python\ODOO\Django开发经验。2. 熟悉Javascript，Jquery，HTML5+CSS3, bootstrap等前端技术者优先。3. 至少会使用一种数据","深圳 南山区 海王大厦",1年以内,不限,ERPPython企业软件,创新联合,0-20人,移动互联网
177,"Python 工程师",12K-18K,"要求：  工作3年以上,熟悉Linux环境下服务端的开发工作熟练掌握Python、Go、Javascript等语言；熟悉关系型数据库与NoSQL数据库的使用和优化熟悉TCP、UDP、HTTP等网络通信协议","深圳 南山区 科技园",3-5年,不限,PythonGOJavascript,酷竞体育,20-99人,游戏
178,python开发工程师,12K-20K,岗位职责：1.负责设计和开发分布式的网络爬虫应用，进行互联网相关信息的抓取和分析；2.负责网页信息抽取技术的研究和开发；3.负责解决爬取过程中的各种反爬问题；任职要求：1.大专以上学历，3年以上互联网金融,"深圳 福田区 车公庙",3-5年,大专,C/C++python爬虫抓取,花无缺网络科技,100-499人,移动互联网
179,Python,4K-8K,招聘熟悉python、SQL以及SAS的在校大学生或专业人士兼职，要求上门进行私教辅导（学员共2名，同时上课），要求教会学员python、sql与SAS语言基础，教学时间：每周两到三次，可选择周一到周五的晚上8点后，以及周六、周日的白天和晚,"深圳 福田区 景田",经验不限,不限,SQLsasPython,惠名集团,500-999人,工程施工
180,后端工程师（python/java/C++）,10K-15K,工作内容：1、参与软件项目的编码实施、测试和文档编写；2、负责业务需求分析，将业务需求拆分成独立的业务功能，并负责相关的开发等工作；3、负责部分核心技术问题的攻关，架构设计，系统优化，协助解决项目开发过程中的技术难题；4、配,"深圳 龙岗区 坂田",1-3年,本科,PythonJavaC/C++,达观数据,20-99人,数据服务
181,Python开发工程师,8K-12K,"岗位职责：负责美啦社区的业务开发、运营后台开发、架构优化和性能优化。职位要求：1、本科及以上学历，计算机相关专业，1年以上分布式系统设计经验；2、 熟悉Unix/Linux；3、具备定位及解决系统性能问题的经验和能力；","深圳 南山区 深圳湾",1-3年,本科,PythonC/C++Linux,美啦,20-99人,移动互联网
182,Python工程师（全栈）,8K-15K,职位描述：1、参与需求分析，产品设计，功能开发；2、快速开发产品原型；3、设计并编写高质量网络应用程序代码；4、参与公司内外部其他Web子系统的开发和维护；5、基于Web的API接口开发；任职要求：1、大专及以上学历，计算机,"深圳 龙岗区 滢水山庄",1-3年,大专,PythonHTML5全栈,阿米酷酷,0-20人,移动互联网
183,Python,15K-30K,"职位描述：1、参与实验室自然语言处理等项目开发, 负责收集整理数据, 数据清洗, 数据处理, 算法实现等开发工作；2、负责与合作伙伴以及其它数据提供商之间的交流及对第三方所提供的数据、服务评估和分析；3、参与公司内部创新业务开发；","深圳 南山区 科技园",1-3年,本科,Python数据挖掘自然语言处理,金蝶云之家,100-499人,移动互联网
184,Python运维开发工程师,5K-10K,岗位职责：1.负责金融产品系统的开发，维护和日常更新；2.维护软件产品正常运行，解决突发事件。任职资格：1.计算机及相关专业本科以上学历；2.熟练使用linux下各种常用命令，能够独立编写shell脚本；3.熟练使用pytho,"深圳 南山区",1-3年,本科,PythonC/C++,睿智融科,100-499人,计算机软件
185,Python,10K-15K,1：有大型互联网python后台开发经验者优先；2：踏实，能承受压力，有责任心，学习能力、沟通能力强。,深圳,3-5年,大专,Python后端开发系统架构,烨华,0-20人,互联网
186,Python,8K-15K,"1.一年以上python web项目开发经验2.熟悉javascript3.熟悉flask、SQLAlchemy、numpy、pandas、diango有使用python进行数据分析经验或者熟悉开源数据分析产品4.熟悉linux常用",深圳,1-3年,本科,JavascriptPython,深圳雁联,500-999人,互联网
187,python开发工程师,10K-15K,"岗位职责：  1、负责实现和完善公司数据采集的网络爬虫系统；  2、研究各种网络公开信息的爬取技术；  任职要求： 1、精通python开发语言，具有2年以上编程经验； 2、能运用python语言进行网页抓取、关键信","深圳 福田区 梅林",1-3年,本科,Pythonpython爬虫,深圳信美分期,100-499人,互联网金融
188,Python,9K-15K,"主要职责：根据口腔互联网具体业务需求，通过微信公众号，企业号，微信开放平台，开发移动端产品。技能要求1. 熟悉python ，两年以上开发经验2. 数据tornado框架，能够搭建基于tornado的webservice3. 熟","深圳 南山区 科技园",1-3年,本科,数据库后端开发移动开发,医匠科技,0-20人,互联网
189,Python后端工程师,10K-20K,"【工作职责】1. 网站系统的维护、改进，以及新产品的开发；2. 大型互联网web项目的设计、开发、优化。【我们希望你是这样的】1、两以上工作经验(优秀可放宽至一年)，有扎实的计算机基础, 包括但不限于数据结构，操","深圳 南山区",1-3年,本科,PythonMYSQL,小闪科技,100-499人,互联网
190,Python开发工程师,10K-15K,岗位职责要求:1，参与需求评估，产品开发，制定开发计划；2，按研发计划完成，技术分析文档的产出。能独立编写完整的系统开发文档，接口文档，单元测试；3，独立承担开发任务，主导需求的开发，修改，调试，外部配合，发布上线等工作；4,"深圳 宝安区",1-3年,本科,Python,深圳市对酒当歌,100-499人,互联网
191,Python开发工程师,8K-15K,"岗位职责 负责日志采集中间件开发负责数据传输中间件维护和开发负责国际行情报价通讯中间件开发岗位要求 具备1年以上Python开发经验，参与过大型高并发系统开发和实施工作熟悉Linux系统常用操作，能独立部署Pyt","深圳 南山区 南头",1年以内,本科,Python通信Shell,中金都会,20-99人,互联网金融
192,python后台开发工程师,12K-22K,"岗位职责:1、负责小农女后台系统的设计和开发工作。2、熟悉电子商务系统设计与开发者优先。任职要求：1、有坚实的计算机软硬件基础，熟练linux系统。2、两年以上Python Web开发经验、至少熟悉一种Python Web框架","深圳 南山区 科技园",1-3年,本科,Python,小农女,100-499人,移动互联网
193,python工程师,15K-30K,"工作职责1、网站系统的维护、改进，以及新产品的开发；2、大型互联网web项目的设计、开发、优化。职位要求1、熟悉python, 熟悉mysql，有足够的互联网项目开发意识；2、熟悉linux, 熟悉git版本管理;","深圳 南山区 前海",3-5年,本科,Python,爱邮520post,20-99人,互联网
194,Python,10K-13K,"1. 负责产品需求分析，对产品的原始需求做总结分析        2. 负责后端产品的架构设计、优化；        3. 负责产品的业务逻辑接口开发；        4. 参与方案讨论和技术调研。        职位要求：  ","深圳 南山区 大冲",3-5年,本科,后端开发Pythondjango,磁易购,0-20人,电子商务
195,Python开发,9K-14K,"1 linux开发经验2年以上，python开发经验2年以上，实际接触云计算项目1年以上。  2 熟悉linux操作系统，熟悉linux命令，熟练编写shell脚本。  3 熟悉MySQL、SQLServer、Redis，熟悉多","深圳 南山区 科技园",1-3年,大专,PythonLinux,北京中讯汉扬有限公司,100-499人,计算机软件
196,网络安全工程师（python）,11K-20K,"岗位职责：1、 参与公司安全平台、安全公共组件支持与开发；2、 参与公司安全监控平台的研发、各种安全协作平台；3、 参与WAF、自主研发规则漏洞扫描的维护、更新、迭代；4、 参与安全自动化工具或平台的设计与开发。任职要求：工作","深圳 南山区 前海",经验不限,本科,网络安全python,茁壮网络,500-999人,计算机软件
197,Python,15K-30K,"我们的技术栈：python，golang，mysql，redis，mongodb，NSQ，ELK。我们开发流程：基于pull request，互相code review我们每周有各种类型的topic分享我们欣赏代码洁癖，喜欢折腾","深圳 南山区",经验不限,本科,Python数据库Web前端,小闪快送,20-99人,O2O
198,高级Python开发工程师,16K-30K,"岗位职责：1. 负责公司安全相关系统的设计和实现2. 参与代码评审和代码开源改造岗位要求：1. 3年以上Python开发经验2. 精通Python服务端编程，熟悉HTTP协议和规范3. 熟悉Django/Torn","深圳 南山区 科技园",5-10年,不限,Python全栈后端开发,我来贷WeLab,500-999人,互联网
199,"手游 服务器主程序 Python",15K-30K,岗位描述1、负责实现python手游服务器端架构、底层代码编写，工作计划安排；2、游戏服务端功能设计、开发和实现；3、服务器性能优化；职能要求：1.精通mysql和redis数据库，对数据库编程有极丰富的经验；2.三年以上游戏,"深圳 南山区 科技园",3-5年,不限,系统架构python,深圳市宇斯盾科技公司,20-99人,游戏
200,Python,10K-15K,"未来参与的主要工作内容：参与仿真模型建立与优化（机场+转运中心） 需要的技能：以Python算法开发为主，兼具大数据和数据库相关能力。 具体技能需求：A， Python算法方面（1）       主要是Python数据开发和算法","深圳 南山区",1-3年,本科,数据库Python算法实现,深圳长亮科技,10000人以上,计算机软件
201,python开发工程师,8K-11K,"1、本科以上学历，计算机相关专业毕业，能独立完成项目的开发部署；2、具有2年以上python实际线上产品开发经验；3、根据开发进度和任务分配，完成相应模块软件的设计、开发、编程任务；4. 精通python语言，使用过Django","深圳 南山区 科技园",1-3年,本科,PythonTornado,蜂云智能,20-99人,互联网
202,Python,8K-12K,"工作内容：公司网站建设 公众号建设任务要求：在现有公司网站及公众号基础上优化建设特别说明：要求在网站开发有够深基本功，全栈工程师薪资可面议，有ps基础最好，目前项目针对通讯3C行业，有相关行业经验能更快融入工作。","深圳 福田区 上步",1-3年,本科,HTML5PHPWeb前端,清橙科技,0-20人,互联网
203,Python开发工程师,12K-24K,工作职责：1、熟悉公司的技术服务架构，根据产品设计，完成AI项目中工程化和服务化的开发工作2、设计和开发高扩展性、可用性的企业级AI服务3、编写技术文档，完成单元测试和集成测试4、随需求或技术发展，优化、升级、维护在线服务,"深圳 南山区 科技园",经验不限,本科,Python系统架构爬虫工程师,Gowild,0-20人,智能硬件
204,Python开发,8K-13K,1、全日制统招二本学历2、Python开发一年以上工作经验,"深圳 龙岗区 坂田",1-3年,本科,Python,南昌耀骅,0-20人,生活服务
205,PYTHON爬虫工程师,8K-16K,"岗位职责：1.负责定向数据的采集与爬取、解析处理、入库及备份等数据日常工作；2.负责分析新的数据需求, 评估数据采集难度，安排采集工作及时交付；3.负责非定向数据的清洗、整理、整合及合并等工作；4.负责数据中心的规划和管理工作。","深圳 福田区 沙头",1-3年,本科,MySQLOracle数据挖掘,蚁穴,20-99人,互联网
206,Python,15K-23K,创建自公元2015年，位于深圳南山区项目涉及o2o，移动支付，以及部分银行系统。如果你不甘心做一个平台的程序开发，你想要有的挑战在我们这里都有。我们公司现已飞速发展，寻找希望充满挑战的你，并且，你所写每一行代码都将为公司带来盈利！,"深圳 南山区 科技园",1-3年,本科,Web前端Python,优融,20-99人,互联网
207,Python开发工程师,7K-14K,"1、熟练使用Python，熟悉webpy, Flask, Tornado等框架， 构建过nginx+uWSGI+python的web-service2、熟悉分布式系统，对网络和并发编程有丰富的经验，熟悉Linux/Unix平台，熟悉Sh","深圳 南山区 科技园",1-3年,本科,LinuxPythonlua,富甲集团,20-99人,互联网
208,Python开发,15K-20K,"工作内容: 1、自动化运维开发。2、负责集团DevOps建设与开发。3、其他Python开发。任职要求:1、大学计算机科学与技术专业,3-5年工作经验。2、熟练使用Python开发，至少有1年实际Python开发","深圳 罗湖区 蔡屋围",3-5年,本科,pythonshellLinux,华润集团信息管理部,10000人以上,计算机软件
209,python开发工程师,9K-15K,1.熟悉python语言2.熟悉django/tornado/Flask等python框架，有大开发项目经验优先3.熟悉mysql数据库开发与优化，对数据库有较强的设计能力4.熟悉nginx的配置优化者优先5.熟悉前端html、js,"深圳 福田区 上步",1-3年,本科,HTML/CSSPython数据库,顾为,0-20人,互联网
210,后台软件开发工程师(Python开发),10K-20K,"岗位职责：1、完善系统CORDDUMP处理、短信告警功能；2、实现分布式会议部署模块； 3、会议部署去掉动态注册registry减少依赖性；岗位要求：1、熟悉Python语音，有实际Python项目开发经验；2、熟悉","深圳 南山区 科技园",3-5年,本科,PythonC/C++,三三得玖,100-499人,互联网
211,"python developer",99k,django|mysql,shenzhen,1-3years,graduate,ML|AI,huawei,"500 person",IT
212,python,12K-24K,"1. 计算机相关专业；2. 有一年以上开发经验；3. 掌握shell、python脚本语言，熟悉Django开发框架，有使用python开发过真实项目；如开发过运维平台项目更佳；4. 掌握Javascript、CSS、html前","深圳 南山区 南油",1-3年,大专,django大并发python,环球易购,1000-9999人,电子商务
213,Python爬虫工程师,10K-20K,任职要求：1、3年以上相关工作经验；2、扎实的Python基础，熟悉Web、APP爬虫，掌握爬虫与反爬虫技术；3、熟悉常见爬虫框架，如scrapy、jsoup、selenium等，有实际项目经验；4、有Amazon、eBay,"深圳 宝安区 西乡",3-5年,大专,Pythonpython爬虫java爬虫,宇图科技,0-20人,互联网
214,Python工程师,8K-16K,"岗位职责：1、3年以上经验，1年以上python开发经验2、研发公司基于python，Qt Creator的服务平台并以此扩展的其它业务需求；3、独立解决线上问题，维护线上业务的稳定运行；4、能够带领2-3个人的小团队，提升","深圳 福田区",1-3年,大专,Pythonpython爬虫,深圳市华梦汽车网络,500-999人,汽车生产
215,Python工程师,6K-9K,"1、	使用python语言1年以上, 能够独立编写python项目及自动化脚本;2、	熟悉python的web后台开发(django框架), 完成接口的研发调试工作;3、	熟练使用Linux系统, 能够在linux系统下部署调试代码","深圳 南山区 南头",1-3年,大专,Python,七七元素科技,20-99人,信息安全
216,Python开发工程师,15K-30K,"任职资格：- 至少具有 2 年及以上使用 Python 进行 Web 开发的经验，简历中请附上 Github 账号；- 熟悉并在项目中使用至少一种 Python 的主流框架（Django/Flask/Tornado)；- 使用","深圳 福田区 梅林",经验不限,本科,PythonGolang,万科物业,1000-9999人,互联网
217,Python工程师,15K-25K,"职位职责： 1、负责公司产品后台服务的设计、开发、优化等研发工作，保证产品质量和开发进度；2、参与系统的配置管理、部署、上线和运维； 3、研究新技术，对产品进行持续优化；职位要求： 1、本科及以上学历，计算机相关专业，基础知","深圳 南山区 科技园",1-3年,本科,Node.jsPythonLinux,健康阿鹿,100-499人,O2O
218,Python工程师,15K-18K,1.负责内容爬取后，开发抽取规则，对精选内容进行批量抽取，并不断细化规则和维护整个工作的稳定性。2.负责定向数据的采集与爬取、解析处理、入库及备份等数据日常工作；3.负责设计和开发网络爬虫应用，进行互联网相关信息的抓取和分析；4.负责,"深圳 南山区 科技园",1-3年,本科,python爬虫数据抓取数据挖掘,壹鸿,20-99人,移动互联网
219,"Python 工程师",8K-16K,"岗位职责： 1.负责服务器后端系统的实现、部署和维护，保证系统的高效和稳定性； 2.配合测试人员完成软件及模块的测试； 3.公司其他系统研发； 职位要求： 1.1年以上相关经验，使用Python开发过大型系统经验者优先；","深圳 宝安区 西乡",经验不限,不限,PythonUnity3D,旗鱼互娱科技有限公司,0-20人,游戏
220,Python开发工程师,7K-10K,岗位职责：1、负责公司互联网产品及大数据产品的开发，包括项目框架搭建、前后端功能实现等。2、负责公司相关平台的开发与维护；3、负责原件开发爬取数据、进行统计；4、参与软件项目的详细设计、编码和内部测试；5、参与需求调研、,"深圳 南山区 深圳湾",1-3年,本科,PythonLinuxShell,鑫科保理,20-99人,租赁/拍卖/典当/担保
221,Python爬虫工程师,10K-18K,计算机相关专业毕业，1年以上爬虫经验熟悉Python语言，Scrapy爬虫框架掌握正则表达式、XPath用于从各种网络结构化和非结构化数据中抽取指定信息熟悉Mysql，MongoDB等数据库熟悉常用网络协议，熟悉http代理,"深圳 南山区 前海",1-3年,本科,数据抓取python爬虫爬虫工程师,蒙太利奇,20-99人,游戏
222,Python工程师,10K-11K,"工作和责任1 .协助开发中、后台办公系统，以便前台交易的顺畅及协调工作协助开发中、后台办公系统，允许前厅进行交易和调解2.自动化风险提示报告及交易流程自动化风险报告和贸易喂养过程3 .在新设备进行手动预订的特别项目支持项目特别行","深圳 福田区",3-5年,本科,PythonLinux数据库,雅柏宝,20-99人,互联网金融
223,课程设计（Python方向）,8K-16K,职位描述：1、参与Python课程教案撰写，并为课程质量整体负责2、与一线教师、专家进行良好的沟通，迭代完善课程产品。具体能力要求学历：本科及以上（可接受应届生和实习生）代码：对代码语言较为熟悉，熟悉pyth,"深圳 南山区 后海",经验不限,本科,课程设计编程python,编程猫,100-499人,移动互联网
224,Python,10K-15K,python实际开发经验,深圳,1-3年,本科,Python,软通动力信息技术集团,10000人以上,计算机软件
225,Python,10K-20K,"我们是深圳这边的一个非创业型公司，现在需要招聘服务器程序，希望能有机会合作~工作职责：1、根据策划或产品的要求进行游戏逻辑的开发2、游戏研发相关工具的开发任职需求：1、计算机相关专业，大专以上学历,1年以上手游后台研发经","深圳 南山区 大冲",1-3年,大专,PythonC/C++游戏服务端,修远求索,20-99人,移动互联网
226,Python开发工程师,5K-8K,"任职要求：1. 大专或以上学历，计算机相关专业；2. 一年以上Python开发，Python基础尤其要扎实，熟悉基本的Python框架: Flask,Django3. 熟悉Linix/Unix 操作系统，熟悉 TCP","深圳 罗湖区 东晓",1-3年,大专,Python开发,友联金达,20-99人,计算机软件
